{
  "FileGenerator.py": 1740508318.5505254,
  "nvidia1.py": 1731520404.9037232,
  "tasktracker.py": 1721844917.5729387,
  "2026-03-27-Network-Express-Feature.md": 1775680041.6702888,
  "README.md": 1721844917.5729387,
  "requirements.txt": 1721844917.5729387,
  "You said  We have the schedule of health checks a....md": 1775869088.6030548
}